{
  "0": {
    "precision": 0.9537815126050421,
    "recall": 0.8919449901768173,
    "f1-score": 0.9218274111675127,
    "support": 509.0
  },
  "1": {
    "precision": 0.7985347985347986,
    "recall": 0.9083333333333333,
    "f1-score": 0.8499025341130604,
    "support": 240.0
  },
  "accuracy": 0.897196261682243,
  "macro avg": {
    "precision": 0.8761581555699203,
    "recall": 0.9001391617550754,
    "f1-score": 0.8858649726402865,
    "support": 749.0
  },
  "weighted avg": {
    "precision": 0.9040362370685154,
    "recall": 0.897196261682243,
    "f1-score": 0.8987807215906521,
    "support": 749.0
  }
}